{"cameraMode":{"drawMode":0,"name":"Shaded","section":"Shading Mode"},"sceneLighting":false,"audioPlay":false,"sceneViewState":{"showFog":false,"showMaterialUpdate":false,"showSkybox":false,"showFlares":false,"showImageEffects":true,"showParticleSystems":true},"in2DMode":false,"pivot":{"x":2.1965818405151369,"y":29.908620834350587,"z":-12.323202133178711},"rotation":{"x":-0.00033582744072191417,"y":-0.9270579814910889,"z":0.37491700053215029,"w":-0.000827661482617259},"size":3.6529250144958498,"orthographic":false}