{"cameraMode":{"drawMode":0,"name":"Shaded","section":"Shading Mode"},"sceneLighting":false,"audioPlay":false,"sceneViewState":{"showFog":false,"showMaterialUpdate":false,"showSkybox":false,"showFlares":false,"showImageEffects":true,"showParticleSystems":true},"in2DMode":false,"pivot":{"x":2.08559513092041,"y":29.911619186401368,"z":-12.805091857910157},"rotation":{"x":0.012912746518850327,"y":-0.9605923891067505,"z":0.2739432752132416,"w":0.0452842153608799},"size":3.652925729751587,"orthographic":false}